Band,Sex,Baseline %
0-3,Male,0.010772337
0-3,Female,0.007654155
4-64,Male,0.035543645
4-64,Female,0.041313279
65+,Male,0.207713554
65+,Female,0.266910359